customer_id,experiment_group,assignment_date
107342,control,2025-07-06
107917,control,2025-07-06
113943,treatment,2025-07-01
101376,treatment,2025-07-03
114487,treatment,2025-07-04
111071,treatment,2025-07-02
112855,treatment,2025-07-07
112520,treatment,2025-07-07
102582,treatment,2025-07-03
113668,control,2025-07-07
112565,treatment,2025-07-05
107488,treatment,2025-07-02
103074,control,2025-07-06
113010,treatment,2025-07-03
110920,control,2025-07-06
108917,control,2025-07-01
112149,control,2025-07-06
100688,treatment,2025-07-02
101804,control,2025-07-01
108590,treatment,2025-07-07
109336,control,2025-07-02
103570,control,2025-07-02
111695,treatment,2025-07-02
106936,treatment,2025-07-07
103817,treatment,2025-07-07
112641,treatment,2025-07-02
109285,treatment,2025-07-03
113059,treatment,2025-07-05
100420,treatment,2025-07-06
111318,Control,2025-07-06
101355,treatment,2025-07-01
105543,control,2025-07-05
106255,treatment,2025-07-04
107785,control,2025-07-07
105149,control,2025-07-06
113252,treatment,2025-07-02
106633,treatment,2025-07-02
102815,treatment,2025-07-02
107939,control,2025-07-05
105592,treatment,2025-07-02
110505,control,2025-07-01
109490,treatment,2025-07-06
101259,control,2025-07-02
106235,control,2025-07-05
103663,control,2025-07-06
103637,control,2025-07-07
102431,treatment,2025-07-06
106970,control,2025-07-02
112028,treatment,2025-07-04
107426,control,2025-07-02
112823,control,2025-07-07
114196,control,2025-07-02
109323,control,2025-07-05
111551,control,2025-07-02
111854,control,2025-07-04
110975,control,2025-07-03
112180,control,2025-07-02
102926,control,2025-07-01
111145,control,2025-07-01
105504,control,2025-07-04
104836,control,2025-07-02
113663,control,2025-07-06
100445,control,2025-07-04
111799,control,2025-07-04
111725,treatment,2025-07-03
102836,treatment,2025-07-05
104422,treatment,2025-07-01
102715,treatment,2025-07-01
110412,control,2025-07-01
108200,control,2025-07-06
113353,treatment,2025-07-05
105154,treatment,2025-07-01
108153,treatment,2025-07-02
100763,treatment,2025-07-01
102055,control,2025-07-03
112757,treatment,2025-07-04
109377,treatment,2025-07-02
104063,treatment,2025-07-07
110426,treatment,2025-07-04
108516,treatment,2025-07-02
103611,control,2025-07-04
108124,treatment,2025-07-03
114099,treatment,2025-07-04
102388,control,2025-07-06
112874,control,2025-07-06
105925,treatment,2025-07-07
100711,control,2025-07-04
108199,control,2025-07-06
102767,treatment,2025-07-04
106876,treatment,2025-07-04
110779,treatment,2025-07-03
103306,treatment,2025-07-02
114754,treatment,2025-07-01
107690,treatment,2025-07-04
106763,Control,2025-07-05
102557,control,2025-07-02
109344,treatment,2025-07-04
102924,control,2025-07-05
113075,treatment,2025-07-02
112896,treatment,2025-07-05
101774,control,2025-07-02
108908,treatment,2025-07-01
114584,treatment,2025-07-03
112948,control,2025-07-07
112466,control,2025-07-01
108526,treatment,2025-07-03
109684,Treatment,2025-07-06
108823,treatment,2025-07-05
112494,control,2025-07-01
100698,control,2025-07-05
105070,control,2025-07-07
107816,treatment,2025-07-03
111649,control,2025-07-03
101771,treatment,2025-07-01
101463,control,2025-07-07
105468,control,2025-07-06
103780,control,2025-07-02
102730,control,2025-07-05
112487,treatment,2025-07-02
108702,control,2025-07-03
107359,control,2025-07-03
112856,Control,2025-07-02
110590,treatment,2025-07-07
110732,Treatment,2025-07-06
110521,control,2025-07-04
101742,treatment,2025-07-04
100436,control,2025-07-02
112389,treatment,2025-07-03
112033,control,2025-07-07
103271,treatment,2025-07-04
105035,control,2025-07-01
114563,control,2025-07-06
101362,control,2025-07-05
107382,control,2025-07-05
110799,treatment,2025-07-03
107644,treatment,2025-07-06
101684,treatment,2025-07-04
112710,control,2025-07-06
105756,treatment,2025-07-06
113611,treatment,2025-07-02
109462,control,2025-07-03
112210,control,2025-07-04
100502,treatment,2025-07-03
100997,control,2025-07-05
110918,treatment,2025-07-01
111261,treatment,2025-07-05
106694,control,2025-07-05
103276,treatment,2025-07-02
107700,treatment,2025-07-04
112208,treatment,2025-07-03
103061,treatment,2025-07-07
102628,treatment,2025-07-04
107065,treatment,2025-07-01
100398,treatment,2025-07-07
100138,treatment,2025-07-06
103579,control,2025-07-01
108973,control,2025-07-05
103415,treatment,2025-07-04
112973,control,2025-07-05
108760,treatment,2025-07-07
112392,Treatment,2025-07-02
111212,treatment,2025-07-01
112348,control,2025-07-01
111516,Treatment,2025-07-02
110192,control,2025-07-02
111643,control,2025-07-02
103867,control,2025-07-02
113108,treatment,2025-07-07
112938,treatment,2025-07-01
105620,control,2025-07-02
100011,control,2025-07-07
100863,Treatment,2025-07-03
107165,Control,2025-07-02
106769,treatment,2025-07-03
107650,treatment,2025-07-05
113147,control,2025-07-02
108789,control,2025-07-01
101959,control,2025-07-07
107327,treatment,2025-07-07
100565,control,2025-07-02
101660,control,2025-07-02
107177,treatment,2025-07-03
105144,control,2025-07-03
102122,control,2025-07-06
110524,control,2025-07-04
114151,treatment,2025-07-05
103250,treatment,2025-07-02
114650,Treatment,2025-07-01
104789,treatment,2025-07-07
112076,treatment,2025-07-05
109340,treatment,2025-07-01
111228,control,2025-07-02
109057,treatment,2025-07-02
109598,control,2025-07-03
105573,control,2025-07-04
112181,treatment,2025-07-05
103665,treatment,2025-07-02
103009,control,2025-07-06
109687,treatment,2025-07-05
108954,Control,2025-07-04
114201,control,2025-07-01
111206,control,2025-07-05
108268,Treatment,2025-07-06
110306,control,2025-07-06
109246,treatment,2025-07-06
111927,control,2025-07-04
108293,Control,2025-07-06
113963,control,2025-07-02
102484,Treatment,2025-07-05
107204,control,2025-07-06
110421,control,2025-07-04
111501,Treatment,2025-07-02
105911,treatment,2025-07-07
108824,control,2025-07-01
107147,Control,2025-07-03
110325,treatment,2025-07-04
111719,control,2025-07-07
112470,control,2025-07-02
109105,control,2025-07-02
110840,control,2025-07-04
101677,control,2025-07-01
113985,control,2025-07-02
106348,control,2025-07-01
101032,treatment,2025-07-04
111878,control,2025-07-07
113396,control,2025-07-01
102820,control,2025-07-01
107674,treatment,2025-07-04
110499,control,2025-07-03
109009,Treatment,2025-07-04
108976,control,2025-07-02
100363,control,2025-07-06
113195,control,2025-07-04
109242,treatment,2025-07-03
102677,treatment,2025-07-03
110540,treatment,2025-07-05
110894,control,2025-07-04
110272,treatment,2025-07-02
108993,treatment,2025-07-01
109617,control,2025-07-03
100499,control,2025-07-01
112328,control,2025-07-04
104232,treatment,2025-07-02
103769,treatment,2025-07-04
100626,treatment,2025-07-07
107891,control,2025-07-07
100881,control,2025-07-01
109019,treatment,2025-07-01
107968,treatment,2025-07-06
106891,control,2025-07-01
105302,treatment,2025-07-02
110885,treatment,2025-07-06
112101,control,2025-07-06
109397,control,2025-07-07
113743,control,2025-07-02
110144,treatment,2025-07-03
101068,treatment,2025-07-01
111646,treatment,2025-07-04
112502,control,2025-07-04
100999,control,2025-07-03
106785,Control,2025-07-06
113097,treatment,2025-07-05
112229,Control,2025-07-07
105373,treatment,2025-07-05
109451,treatment,2025-07-05
101662,control,2025-07-07
100704,control,2025-07-04
108084,control,2025-07-07
112775,treatment,2025-07-06
105164,control,2025-07-01
111448,control,2025-07-05
101413,treatment,2025-07-02
110815,treatment,2025-07-03
101921,treatment,2025-07-06
112923,treatment,2025-07-05
109353,control,2025-07-05
112122,control,2025-07-03
110826,control,2025-07-02
110183,control,2025-07-07
111189,treatment,2025-07-04
108918,control,2025-07-06
109076,control,2025-07-02
104107,treatment,2025-07-05
100383,treatment,2025-07-07
104838,treatment,2025-07-04
100965,control,2025-07-02
104452,control,2025-07-05
109213,control,2025-07-07
101698,treatment,2025-07-01
100805,control,2025-07-02
111689,treatment,2025-07-05
108430,treatment,2025-07-07
101130,treatment,2025-07-07
106189,treatment,2025-07-05
108572,control,2025-07-03
101131,control,2025-07-01
114085,control,2025-07-03
105694,treatment,2025-07-03
107729,treatment,2025-07-01
105611,control,2025-07-01
102823,treatment,2025-07-06
103548,control,2025-07-07
109338,Control,2025-07-04
109964,treatment,2025-07-05
114052,control,2025-07-07
110887,control,2025-07-06
113480,treatment,2025-07-01
105178,control,2025-07-05
107868,treatment,2025-07-02
106240,treatment,2025-07-05
112012,control,2025-07-01
100362,treatment,2025-07-02
101926,control,2025-07-06
101222,control,2025-07-05
107318,treatment,2025-07-01
101476,control,2025-07-04
108087,treatment,2025-07-04
105464,treatment,2025-07-04
110369,control,2025-07-05
111117,treatment,2025-07-02
104061,treatment,2025-07-03
101105,treatment,2025-07-07
103399,control,2025-07-06
106581,Treatment,2025-07-07
103723,control,2025-07-07
102588,control,2025-07-02
111280,control,2025-07-05
114230,treatment,2025-07-05
105702,treatment,2025-07-04
103955,treatment,2025-07-03
106084,treatment,2025-07-06
107983,control,2025-07-04
102214,control,2025-07-05
107684,treatment,2025-07-04
103029,control,2025-07-02
104595,control,2025-07-05
108955,treatment,2025-07-07
111566,treatment,2025-07-01
102952,Treatment,2025-07-01
105598,control,2025-07-07
100071,control,2025-07-03
107510,control,2025-07-04
109326,control,2025-07-07
112914,treatment,2025-07-01
100697,treatment,2025-07-02
104981,control,2025-07-05
106195,treatment,2025-07-03
111118,control,2025-07-07
100562,control,2025-07-03
107125,control,2025-07-07
108382,control,2025-07-01
103640,control,2025-07-02
105717,treatment,2025-07-01
114175,Control,2025-07-02
100146,control,2025-07-02
104507,treatment,2025-07-06
110397,control,2025-07-06
108224,control,2025-07-02
106014,control,2025-07-02
111622,treatment,2025-07-07
112366,Treatment,2025-07-06
106632,control,2025-07-06
111195,treatment,2025-07-07
104059,control,2025-07-01
103446,treatment,2025-07-02
111776,treatment,2025-07-03
111028,control,2025-07-03
102729,control,2025-07-05
107752,control,2025-07-04
103353,control,2025-07-06
105868,control,2025-07-06
107913,control,2025-07-04
107749,control,2025-07-06
111214,control,2025-07-03
107544,treatment,2025-07-06
103963,treatment,2025-07-02
100561,control,2025-07-01
102525,control,2025-07-04
111220,control,2025-07-02
112552,treatment,2025-07-04
104701,treatment,2025-07-05
107878,treatment,2025-07-05
109327,control,2025-07-06
106799,treatment,2025-07-01
113288,control,2025-07-03
103572,treatment,2025-07-02
100923,treatment,2025-07-07
100337,treatment,2025-07-04
105191,control,2025-07-02
104067,treatment,2025-07-05
110922,control,2025-07-06
111954,control,2025-07-01
100336,treatment,2025-07-06
100135,treatment,2025-07-05
105603,treatment,2025-07-03
110061,control,2025-07-02
111789,treatment,2025-07-07
102570,treatment,2025-07-04
112809,Treatment,2025-07-06
110363,control,2025-07-04
107854,control,2025-07-03
106120,treatment,2025-07-06
107055,treatment,2025-07-05
112222,Treatment,2025-07-03
109491,treatment,2025-07-02
106181,control,2025-07-07
100156,treatment,2025-07-07
113475,treatment,2025-07-03
112971,treatment,2025-07-05
104409,treatment,2025-07-05
105549,treatment,2025-07-02
110436,control,2025-07-07
107639,treatment,2025-07-03
106319,control,2025-07-04
105777,treatment,2025-07-07
113315,control,2025-07-03
104191,treatment,2025-07-05
114605,Control,2025-07-04
100566,treatment,2025-07-02
106358,treatment,2025-07-07
109478,Treatment,2025-07-05
110481,treatment,2025-07-02
106725,Control,2025-07-01
114411,treatment,2025-07-02
102090,control,2025-07-07
112556,control,2025-07-02
101492,treatment,2025-07-05
105258,treatment,2025-07-07
100399,control,2025-07-06
114406,control,2025-07-07
113533,control,2025-07-01
110163,control,2025-07-02
113631,treatment,2025-07-07
112400,treatment,2025-07-04
100939,treatment,2025-07-07
106352,treatment,2025-07-02
103264,control,2025-07-06
104401,Control,2025-07-06
113873,control,2025-07-01
105999,control,2025-07-04
101768,control,2025-07-05
100578,treatment,2025-07-01
108994,control,2025-07-07
102835,treatment,2025-07-07
113523,treatment,2025-07-01
113432,treatment,2025-07-07
110095,control,2025-07-01
102363,control,2025-07-05
102724,control,2025-07-06
103893,control,2025-07-07
107728,control,2025-07-07
103607,treatment,2025-07-03
107407,treatment,2025-07-05
113781,Control,2025-07-05
109782,treatment,2025-07-07
108819,Treatment,2025-07-03
101235,treatment,2025-07-07
103003,control,2025-07-02
102392,treatment,2025-07-07
104604,control,2025-07-07
107600,control,2025-07-06
101530,treatment,2025-07-01
102592,control,2025-07-04
110579,control,2025-07-04
112440,control,2025-07-03
104980,treatment,2025-07-05
114081,control,2025-07-04
112769,Treatment,2025-07-03
105008,control,2025-07-04
106583,control,2025-07-03
109583,treatment,2025-07-05
110422,Control,2025-07-01
114020,Treatment,2025-07-03
107482,control,2025-07-02
109736,control,2025-07-03
108374,treatment,2025-07-05
104874,control,2025-07-06
102163,treatment,2025-07-05
103233,treatment,2025-07-04
111726,control,2025-07-04
111452,treatment,2025-07-03
103422,treatment,2025-07-04
113540,Treatment,2025-07-04
111080,control,2025-07-03
113332,treatment,2025-07-07
108646,control,2025-07-01
105518,control,2025-07-05
112715,treatment,2025-07-05
112555,treatment,2025-07-06
102309,treatment,2025-07-05
109926,treatment,2025-07-03
102856,treatment,2025-07-01
109944,control,2025-07-07
100223,treatment,2025-07-05
106579,control,2025-07-03
114034,control,2025-07-05
102967,treatment,2025-07-06
111378,Treatment,2025-07-06
112231,control,2025-07-04
103896,treatment,2025-07-06
112630,control,2025-07-03
100728,treatment,2025-07-01
113740,Treatment,2025-07-05
101239,treatment,2025-07-05
111608,treatment,2025-07-05
105424,treatment,2025-07-07
105521,treatment,2025-07-04
107493,control,2025-07-07
114306,control,2025-07-06
101953,treatment,2025-07-01
109307,treatment,2025-07-02
100940,control,2025-07-02
100821,Control,2025-07-06
101042,control,2025-07-06
100518,control,2025-07-01
108009,control,2025-07-01
107651,treatment,2025-07-03
100376,control,2025-07-01
111571,treatment,2025-07-05
105679,Control,2025-07-07
110746,control,2025-07-06
102895,treatment,2025-07-04
104723,control,2025-07-05
110044,control,2025-07-02
114086,treatment,2025-07-07
106873,Control,2025-07-05
112375,treatment,2025-07-05
100257,control,2025-07-06
107623,treatment,2025-07-06
100539,treatment,2025-07-05
100048,treatment,2025-07-02
106460,control,2025-07-03
103124,treatment,2025-07-04
101207,treatment,2025-07-03
104231,control,2025-07-07
110238,control,2025-07-03
108880,control,2025-07-07
112041,Treatment,2025-07-03
113089,treatment,2025-07-06
101789,treatment,2025-07-01
104092,treatment,2025-07-05
112966,treatment,2025-07-06
103439,control,2025-07-01
114668,control,2025-07-01
106518,treatment,2025-07-07
113437,Control,2025-07-04
101707,control,2025-07-05
104313,treatment,2025-07-07
102786,control,2025-07-05
108729,treatment,2025-07-07
111078,treatment,2025-07-03
109616,Control,2025-07-05
107668,control,2025-07-05
110336,treatment,2025-07-07
108164,treatment,2025-07-07
113456,treatment,2025-07-07
105588,treatment,2025-07-01
102985,control,2025-07-04
103302,treatment,2025-07-06
102574,treatment,2025-07-01
113594,treatment,2025-07-03
100986,treatment,2025-07-03
105796,treatment,2025-07-01
107739,treatment,2025-07-05
102101,treatment,2025-07-07
113750,treatment,2025-07-07
112949,control,2025-07-05
102496,treatment,2025-07-05
108132,control,2025-07-07
101552,control,2025-07-06
108769,control,2025-07-06
112844,control,2025-07-07
113364,Treatment,2025-07-01
102948,control,2025-07-03
114402,treatment,2025-07-01
113316,treatment,2025-07-07
104213,treatment,2025-07-06
107046,treatment,2025-07-07
114386,control,2025-07-02
107235,treatment,2025-07-05
110623,control,2025-07-06
111257,control,2025-07-01
102271,treatment,2025-07-05
103346,control,2025-07-03
111560,treatment,2025-07-01
113678,control,2025-07-02
107927,control,2025-07-04
114295,control,2025-07-03
104631,control,2025-07-04
104859,control,2025-07-06
107543,Treatment,2025-07-02
111299,control,2025-07-05
103230,treatment,2025-07-06
110914,treatment,2025-07-02
113061,Treatment,2025-07-06
114612,treatment,2025-07-02
103516,control,2025-07-01
110660,control,2025-07-06
103126,treatment,2025-07-07
113277,treatment,2025-07-03
105801,control,2025-07-04
101788,treatment,2025-07-05
103982,control,2025-07-05
112422,treatment,2025-07-06
100938,control,2025-07-05
105206,control,2025-07-07
100749,control,2025-07-06
105583,treatment,2025-07-03
110177,control,2025-07-07
113974,control,2025-07-01
113550,control,2025-07-07
112946,treatment,2025-07-04
111952,treatment,2025-07-04
104942,control,2025-07-04
106042,treatment,2025-07-01
111033,treatment,2025-07-04
112961,treatment,2025-07-06
108505,control,2025-07-06
103376,treatment,2025-07-06
108429,treatment,2025-07-02
100075,treatment,2025-07-03
106056,treatment,2025-07-03
114200,control,2025-07-01
100984,control,2025-07-02
107977,treatment,2025-07-05
110881,control,2025-07-06
114451,treatment,2025-07-07
103308,control,2025-07-01
111153,control,2025-07-05
105183,treatment,2025-07-02
100756,treatment,2025-07-04
113343,treatment,2025-07-03
112864,Control,2025-07-01
111373,Treatment,2025-07-04
113058,control,2025-07-06
101745,treatment,2025-07-05
110722,control,2025-07-07
112096,control,2025-07-05
110471,treatment,2025-07-05
113122,control,2025-07-02
105431,treatment,2025-07-05
106671,treatment,2025-07-03
109459,control,2025-07-06
111727,control,2025-07-02
106670,treatment,2025-07-06
114674,control,2025-07-07
102164,control,2025-07-02
111081,treatment,2025-07-01
106434,treatment,2025-07-02
108983,control,2025-07-06
109130,Control,2025-07-03
101072,control,2025-07-01
102196,control,2025-07-01
103266,control,2025-07-01
102902,treatment,2025-07-07
107394,control,2025-07-01
103301,control,2025-07-06
114634,treatment,2025-07-02
106403,treatment,2025-07-03
105608,control,2025-07-03
109368,control,2025-07-07
106813,treatment,2025-07-01
103186,treatment,2025-07-04
107820,treatment,2025-07-06
112737,control,2025-07-02
113098,treatment,2025-07-06
107552,treatment,2025-07-06
108136,control,2025-07-01
107294,Control,2025-07-07
107918,treatment,2025-07-07
111840,control,2025-07-05
113056,treatment,2025-07-02
109786,Treatment,2025-07-01
111092,treatment,2025-07-03
106861,treatment,2025-07-06
105678,control,2025-07-01
111700,control,2025-07-05
105546,control,2025-07-06
109059,control,2025-07-03
109173,control,2025-07-05
114243,treatment,2025-07-07
112504,control,2025-07-04
106116,control,2025-07-05
103263,treatment,2025-07-06
114433,treatment,2025-07-05
103390,treatment,2025-07-02
112958,control,2025-07-03
101288,control,2025-07-06
104917,treatment,2025-07-04
114074,treatment,2025-07-01
110496,control,2025-07-04
109891,control,2025-07-04
106003,treatment,2025-07-01
112906,control,2025-07-01
110286,treatment,2025-07-01
101589,control,2025-07-05
113575,treatment,2025-07-05
107090,treatment,2025-07-04
113130,control,2025-07-01
112793,control,2025-07-04
109141,treatment,2025-07-02
104474,control,2025-07-06
111647,control,2025-07-07
103675,control,2025-07-04
114185,treatment,2025-07-03
102816,control,2025-07-02
105870,treatment,2025-07-03
100438,control,2025-07-06
110843,control,2025-07-03
102945,control,2025-07-07
114752,control,2025-07-04
100899,control,2025-07-01
104775,control,2025-07-03
114357,control,2025-07-03
111085,control,2025-07-05
110043,treatment,2025-07-07
107871,control,2025-07-07
113394,treatment,2025-07-04
112870,treatment,2025-07-02
113404,treatment,2025-07-05
101193,treatment,2025-07-02
112543,treatment,2025-07-02
108163,treatment,2025-07-06
112118,control,2025-07-07
104914,control,2025-07-05
100830,treatment,2025-07-07
111073,treatment,2025-07-02
102193,control,2025-07-03
109607,treatment,2025-07-03
103402,control,2025-07-05
106019,control,2025-07-02
104153,treatment,2025-07-03
105177,control,2025-07-06
114061,treatment,2025-07-04
103506,control,2025-07-07
113090,treatment,2025-07-06
109810,treatment,2025-07-04
109316,treatment,2025-07-07
112726,treatment,2025-07-04
101246,treatment,2025-07-06
104297,treatment,2025-07-02
105544,treatment,2025-07-03
102239,treatment,2025-07-02
100547,control,2025-07-07
108463,treatment,2025-07-05
106778,control,2025-07-04
100966,treatment,2025-07-01
113402,treatment,2025-07-06
107330,control,2025-07-06
102751,treatment,2025-07-01
107161,control,2025-07-06
105644,treatment,2025-07-07
111458,control,2025-07-07
108840,treatment,2025-07-04
104049,treatment,2025-07-07
108347,control,2025-07-04
102534,treatment,2025-07-04
114284,control,2025-07-07
105453,control,2025-07-06
114116,treatment,2025-07-04
112936,treatment,2025-07-05
108696,Treatment,2025-07-01
106408,treatment,2025-07-02
103404,Treatment,2025-07-01
107598,treatment,2025-07-03
104702,Treatment,2025-07-05
111377,control,2025-07-04
101910,control,2025-07-07
108033,control,2025-07-04
101873,control,2025-07-03
101764,control,2025-07-03
109953,treatment,2025-07-01
101554,control,2025-07-02
104716,treatment,2025-07-05
108069,treatment,2025-07-04
109578,control,2025-07-05
103882,control,2025-07-04
103571,treatment,2025-07-02
114361,treatment,2025-07-01
107008,control,2025-07-04
104771,treatment,2025-07-04
108723,treatment,2025-07-03
101064,treatment,2025-07-05
102541,control,2025-07-05
102062,treatment,2025-07-03
113702,control,2025-07-05
110347,treatment,2025-07-03
100551,control,2025-07-07
101725,control,2025-07-04
108831,treatment,2025-07-05
112542,treatment,2025-07-05
106024,control,2025-07-02
100382,control,2025-07-04
100691,treatment,2025-07-06
112307,treatment,2025-07-02
104559,control,2025-07-06
104463,Control,2025-07-04
108443,control,2025-07-05
108258,control,2025-07-03
113612,treatment,2025-07-04
114270,control,2025-07-02
108273,control,2025-07-04
104500,control,2025-07-07
106223,control,2025-07-03
114429,Treatment,2025-07-01
105629,treatment,2025-07-01
107799,treatment,2025-07-05
105304,control,2025-07-02
103239,control,2025-07-01
106784,control,2025-07-02
111034,control,2025-07-03
111133,treatment,2025-07-04
106484,control,2025-07-01
105067,treatment,2025-07-05
113928,control,2025-07-05
100163,treatment,2025-07-04
105733,control,2025-07-03
109420,treatment,2025-07-07
113352,treatment,2025-07-05
108256,treatment,2025-07-02
100253,control,2025-07-07
113759,control,2025-07-03
110925,treatment,2025-07-03
104742,treatment,2025-07-07
109302,treatment,2025-07-02
112478,control,2025-07-02
102018,treatment,2025-07-02
112648,treatment,2025-07-06
111260,control,2025-07-02
114368,control,2025-07-05
100590,treatment,2025-07-07
108427,control,2025-07-02
102073,treatment,2025-07-07
106419,control,2025-07-03
110424,treatment,2025-07-04
109480,treatment,2025-07-04
101011,control,2025-07-06
102278,control,2025-07-03
104177,treatment,2025-07-07
108491,treatment,2025-07-07
101896,control,2025-07-04
113855,control,2025-07-02
112732,treatment,2025-07-04
113460,control,2025-07-01
108041,control,2025-07-02
106532,Control,2025-07-03
109653,control,2025-07-03
100739,control,2025-07-05
103277,treatment,2025-07-07
109286,control,2025-07-03
103090,treatment,2025-07-06
105044,treatment,2025-07-02
107537,treatment,2025-07-05
103527,control,2025-07-03
106628,treatment,2025-07-03
113076,control,2025-07-01
111424,treatment,2025-07-07
101005,treatment,2025-07-05
100052,control,2025-07-02
113620,control,2025-07-02
110046,control,2025-07-07
112300,control,2025-07-07
108755,control,2025-07-06
101260,control,2025-07-06
114104,control,2025-07-03
107031,control,2025-07-06
100215,treatment,2025-07-07
113983,control,2025-07-07
100709,control,2025-07-07
106728,treatment,2025-07-02
106909,treatment,2025-07-01
100687,treatment,2025-07-04
108413,control,2025-07-03
110315,control,2025-07-07
112604,control,2025-07-03
104630,treatment,2025-07-05
110795,treatment,2025-07-07
109824,treatment,2025-07-02
110454,treatment,2025-07-03
102796,Treatment,2025-07-05
101669,control,2025-07-01
106827,treatment,2025-07-02
106963,treatment,2025-07-05
103110,treatment,2025-07-07
104565,Control,2025-07-07
103417,Control,2025-07-07
108928,control,2025-07-02
110977,control,2025-07-04
102858,control,2025-07-03
106323,control,2025-07-07
104291,control,2025-07-02
112489,control,2025-07-04
107181,treatment,2025-07-02
109322,treatment,2025-07-06
109839,control,2025-07-04
104907,treatment,2025-07-07
102603,treatment,2025-07-06
102827,control,2025-07-04
106349,control,2025-07-07
106605,control,2025-07-02
107687,treatment,2025-07-04
114517,treatment,2025-07-01
103930,treatment,2025-07-06
106151,control,2025-07-04
113303,Control,2025-07-04
105871,treatment,2025-07-01
106717,Treatment,2025-07-04
110199,treatment,2025-07-04
110417,control,2025-07-04
100733,treatment,2025-07-06
106451,treatment,2025-07-02
107822,treatment,2025-07-07
103633,treatment,2025-07-07
106481,treatment,2025-07-02
107221,control,2025-07-07
111402,treatment,2025-07-04
110157,control,2025-07-06
108117,treatment,2025-07-05
104290,control,2025-07-02
111268,treatment,2025-07-06
101532,treatment,2025-07-03
107947,treatment,2025-07-04
106730,control,2025-07-02
112225,treatment,2025-07-02
113273,control,2025-07-07
103032,Treatment,2025-07-05
101858,control,2025-07-07
107784,control,2025-07-04
101349,treatment,2025-07-06
102631,treatment,2025-07-07
108377,treatment,2025-07-06
108854,control,2025-07-07
101918,control,2025-07-01
114188,control,2025-07-04
109218,treatment,2025-07-05
107833,treatment,2025-07-06
114416,treatment,2025-07-04
104552,control,2025-07-01
112816,control,2025-07-04
108707,Treatment,2025-07-04
110331,control,2025-07-05
108684,treatment,2025-07-05
105403,control,2025-07-05
113307,treatment,2025-07-04
105166,treatment,2025-07-04
101675,treatment,2025-07-02
101494,control,2025-07-02
113730,control,2025-07-01
100588,treatment,2025-07-07
101526,control,2025-07-04
112280,control,2025-07-07
100886,treatment,2025-07-01
114154,control,2025-07-02
107026,treatment,2025-07-01
108971,control,2025-07-05
113604,treatment,2025-07-05
111675,control,2025-07-01
113503,treatment,2025-07-02
103210,control,2025-07-04
103060,treatment,2025-07-06
110739,treatment,2025-07-01
102267,control,2025-07-04
105984,control,2025-07-01
110545,control,2025-07-01
113260,treatment,2025-07-07
106022,control,2025-07-06
110835,treatment,2025-07-01
113017,treatment,2025-07-05
109220,treatment,2025-07-07
111561,treatment,2025-07-04
100870,control,2025-07-04
103428,treatment,2025-07-03
110096,control,2025-07-01
102717,control,2025-07-05
103098,treatment,2025-07-03
112103,treatment,2025-07-01
104150,treatment,2025-07-01
112326,control,2025-07-03
103243,control,2025-07-05
103599,control,2025-07-02
109428,treatment,2025-07-04
104693,control,2025-07-01
113360,treatment,2025-07-01
110017,treatment,2025-07-06
106522,treatment,2025-07-01
108704,treatment,2025-07-03
100097,treatment,2025-07-03
113082,Treatment,2025-07-05
106301,control,2025-07-06
101683,control,2025-07-04
100252,treatment,2025-07-06
114626,Control,2025-07-04
110089,treatment,2025-07-03
105667,control,2025-07-04
106265,control,2025-07-04
107022,control,2025-07-01
108075,treatment,2025-07-05
107520,control,2025-07-02
112762,treatment,2025-07-02
104326,control,2025-07-03
105137,control,2025-07-06
104784,control,2025-07-03
107783,Control,2025-07-05
114023,control,2025-07-03
111201,control,2025-07-03
111430,treatment,2025-07-06
100622,Control,2025-07-04
100521,control,2025-07-05
110666,treatment,2025-07-06
100930,control,2025-07-02
104425,Control,2025-07-01
103909,control,2025-07-06
107599,Control,2025-07-03
106965,control,2025-07-01
104468,control,2025-07-03
110130,control,2025-07-06
108408,treatment,2025-07-05
100202,control,2025-07-04
110526,control,2025-07-01
107504,control,2025-07-03
102886,treatment,2025-07-06
105086,control,2025-07-03
109383,treatment,2025-07-04
101149,control,2025-07-03
102094,treatment,2025-07-03
109280,treatment,2025-07-04
104189,control,2025-07-02
102782,Control,2025-07-07
100424,treatment,2025-07-06
101794,treatment,2025-07-03
104274,control,2025-07-01
103764,control,2025-07-07
107626,treatment,2025-07-07
106173,control,2025-07-03
105193,control,2025-07-04
109210,control,2025-07-05
105876,Treatment,2025-07-06
106524,control,2025-07-05
112462,control,2025-07-06
103423,treatment,2025-07-07
102909,treatment,2025-07-03
113520,treatment,2025-07-07
101737,control,2025-07-06
113591,control,2025-07-07
102224,control,2025-07-04
107528,treatment,2025-07-07
105894,control,2025-07-07
112634,treatment,2025-07-02
113212,treatment,2025-07-07
106248,treatment,2025-07-05
107329,Treatment,2025-07-07
106794,treatment,2025-07-06
104278,control,2025-07-06
108423,control,2025-07-01
106366,Control,2025-07-05
100335,treatment,2025-07-04
111544,control,2025-07-05
103631,treatment,2025-07-04
112130,treatment,2025-07-07
100247,Control,2025-07-01
100743,treatment,2025-07-05
103000,treatment,2025-07-03
109819,treatment,2025-07-02
103503,control,2025-07-01
108336,control,2025-07-06
101208,control,2025-07-06
103784,control,2025-07-05
111569,control,2025-07-03
114558,treatment,2025-07-05
111658,control,2025-07-04
110582,control,2025-07-04
114539,treatment,2025-07-07
104625,Treatment,2025-07-02
103307,treatment,2025-07-02
102564,treatment,2025-07-05
106105,control,2025-07-03
105581,treatment,2025-07-01
114346,control,2025-07-02
100487,control,2025-07-03
104870,control,2025-07-02
105731,control,2025-07-07
105244,treatment,2025-07-02
103385,control,2025-07-01
106548,control,2025-07-03
113486,treatment,2025-07-06
112904,control,2025-07-03
107850,treatment,2025-07-04
111325,treatment,2025-07-02
114409,treatment,2025-07-07
111406,treatment,2025-07-07
100187,control,2025-07-04
112476,control,2025-07-06
100614,treatment,2025-07-03
112432,control,2025-07-06
104220,control,2025-07-06
112979,treatment,2025-07-02
107117,Treatment,2025-07-02
105060,treatment,2025-07-01
100996,treatment,2025-07-05
104146,treatment,2025-07-01
107115,control,2025-07-02
101744,control,2025-07-01
107542,control,2025-07-07
103698,treatment,2025-07-04
111320,treatment,2025-07-03
106034,treatment,2025-07-03
109211,control,2025-07-07
113857,Treatment,2025-07-01
104247,control,2025-07-02
112344,control,2025-07-03
107569,control,2025-07-02
100431,treatment,2025-07-02
100161,control,2025-07-06
111217,Treatment,2025-07-02
106087,treatment,2025-07-03
108003,treatment,2025-07-02
106844,treatment,2025-07-07
107995,control,2025-07-06
104893,control,2025-07-03
102236,treatment,2025-07-06
109692,Treatment,2025-07-06
111712,treatment,2025-07-06
110101,control,2025-07-02
110289,treatment,2025-07-01
113905,control,2025-07-06
110980,treatment,2025-07-04
112217,control,2025-07-05
106859,control,2025-07-02
100413,control,2025-07-04
106012,Control,2025-07-06
111484,treatment,2025-07-02
106764,control,2025-07-01
110105,control,2025-07-03
102402,control,2025-07-02
101115,treatment,2025-07-03
106734,control,2025-07-01
114742,treatment,2025-07-03
108329,treatment,2025-07-02
111607,treatment,2025-07-05
101644,control,2025-07-05
102800,control,2025-07-07
107945,control,2025-07-05
106972,control,2025-07-06
114425,control,2025-07-02
104626,treatment,2025-07-02
113467,treatment,2025-07-07
111180,control,2025-07-07
110624,treatment,2025-07-01
108825,Control,2025-07-01
104977,treatment,2025-07-01
107819,treatment,2025-07-07
113826,treatment,2025-07-01
111399,control,2025-07-04
106476,control,2025-07-03
110628,treatment,2025-07-01
104464,treatment,2025-07-07
106267,control,2025-07-05
112635,control,2025-07-03
108902,treatment,2025-07-02
103859,treatment,2025-07-02
102326,treatment,2025-07-05
101095,control,2025-07-01
108792,control,2025-07-02
108086,treatment,2025-07-05
107672,treatment,2025-07-01
114464,control,2025-07-04
112937,treatment,2025-07-05
100440,treatment,2025-07-01
109158,treatment,2025-07-02
108298,control,2025-07-06
105007,control,2025-07-03
102951,control,2025-07-04
114625,treatment,2025-07-06
102810,treatment,2025-07-03
103643,control,2025-07-03
102844,treatment,2025-07-07
105516,treatment,2025-07-03
105648,Treatment,2025-07-07
102435,treatment,2025-07-02
104057,control,2025-07-04
101863,control,2025-07-04
105162,Treatment,2025-07-03
110145,treatment,2025-07-05
111273,treatment,2025-07-03
107481,treatment,2025-07-03
113111,treatment,2025-07-05
107744,control,2025-07-06
109877,treatment,2025-07-06
106928,control,2025-07-05
109813,treatment,2025-07-03
112525,control,2025-07-05
113091,control,2025-07-04
101706,treatment,2025-07-04
110122,treatment,2025-07-05
108207,treatment,2025-07-06
103022,control,2025-07-02
110447,treatment,2025-07-03
113413,control,2025-07-07
111291,treatment,2025-07-05
101341,control,2025-07-04
102905,treatment,2025-07-03
101506,treatment,2025-07-01
103934,control,2025-07-03
102246,control,2025-07-07
110911,treatment,2025-07-03
107949,treatment,2025-07-04
114387,control,2025-07-02
101386,control,2025-07-02
114146,control,2025-07-05
113401,control,2025-07-03
100811,treatment,2025-07-01
114544,control,2025-07-04
105950,treatment,2025-07-06
100560,control,2025-07-05
103852,control,2025-07-07
109259,control,2025-07-07
114661,Treatment,2025-07-02
101883,Control,2025-07-02
108537,control,2025-07-05
111129,control,2025-07-03
108223,control,2025-07-01
105058,treatment,2025-07-03
108776,control,2025-07-01
112362,control,2025-07-01
101820,treatment,2025-07-03
112160,treatment,2025-07-07
112723,treatment,2025-07-01
105907,Control,2025-07-03
102061,treatment,2025-07-02
111788,treatment,2025-07-01
105212,treatment,2025-07-02
110948,treatment,2025-07-02
107768,control,2025-07-07
103051,control,2025-07-06
114614,treatment,2025-07-04
102036,control,2025-07-07
113806,treatment,2025-07-03
100017,control,2025-07-04
106257,treatment,2025-07-05
106065,control,2025-07-04
113128,treatment,2025-07-03
105181,treatment,2025-07-01
114375,control,2025-07-04
102709,control,2025-07-06
105706,treatment,2025-07-04
103147,treatment,2025-07-01
109800,control,2025-07-03
100668,treatment,2025-07-04
107873,control,2025-07-04
108241,control,2025-07-02
100237,control,2025-07-02
103563,control,2025-07-06
102578,control,2025-07-03
106152,Treatment,2025-07-05
101024,treatment,2025-07-07
111140,treatment,2025-07-04
112262,control,2025-07-07
114128,control,2025-07-05
103498,control,2025-07-07
101218,control,2025-07-06
104835,treatment,2025-07-03
112200,treatment,2025-07-04
109495,control,2025-07-06
103924,Treatment,2025-07-05
102612,treatment,2025-07-03
105798,treatment,2025-07-02
102652,control,2025-07-01
101545,treatment,2025-07-06
106435,control,2025-07-04
106422,treatment,2025-07-02
114437,treatment,2025-07-01
113322,treatment,2025-07-07
109856,treatment,2025-07-03
112084,treatment,2025-07-02
110940,control,2025-07-07
111361,treatment,2025-07-05
100689,treatment,2025-07-02
100755,control,2025-07-05
104004,treatment,2025-07-02
102912,control,2025-07-02
110976,treatment,2025-07-07
105082,control,2025-07-02
108883,treatment,2025-07-05
109126,control,2025-07-03
109611,Control,2025-07-04
113117,treatment,2025-07-07
109026,control,2025-07-02
111006,control,2025-07-06
101299,Treatment,2025-07-02
114217,treatment,2025-07-06
111400,control,2025-07-01
101435,control,2025-07-02
113592,treatment,2025-07-07
104853,control,2025-07-01
107697,control,2025-07-04
108882,control,2025-07-01
108497,treatment,2025-07-05
104778,treatment,2025-07-01
112046,treatment,2025-07-01
113008,treatment,2025-07-01
110359,treatment,2025-07-07
111328,control,2025-07-07
101310,treatment,2025-07-07
105774,control,2025-07-01
102998,control,2025-07-07
104925,control,2025-07-05
112241,control,2025-07-05
110449,treatment,2025-07-02
110989,treatment,2025-07-04
113057,treatment,2025-07-04
112568,control,2025-07-06
101969,control,2025-07-01
111393,treatment,2025-07-04
102303,treatment,2025-07-03
102338,control,2025-07-01
105762,control,2025-07-06
102896,control,2025-07-02
100204,treatment,2025-07-05
111190,control,2025-07-01
104119,treatment,2025-07-02
108071,control,2025-07-03
114165,control,2025-07-07
102974,control,2025-07-07
105808,control,2025-07-01
103212,treatment,2025-07-06
106368,Treatment,2025-07-03
103538,treatment,2025-07-05
100580,treatment,2025-07-04
102468,treatment,2025-07-04
104471,treatment,2025-07-01
103802,control,2025-07-07
100415,Control,2025-07-07
101110,treatment,2025-07-02
101060,control,2025-07-07
110547,control,2025-07-07
105919,control,2025-07-05
101437,control,2025-07-04
114744,treatment,2025-07-06
103716,control,2025-07-03
111830,treatment,2025-07-04
110938,control,2025-07-03
100168,control,2025-07-01
104672,treatment,2025-07-02
101087,Control,2025-07-07
100621,control,2025-07-05
114710,Control,2025-07-02
102025,treatment,2025-07-07
112572,treatment,2025-07-05
111794,treatment,2025-07-01
109031,control,2025-07-05
101746,control,2025-07-07
103608,control,2025-07-04
105922,control,2025-07-07
110129,treatment,2025-07-07
114535,treatment,2025-07-03
111871,control,2025-07-02
108826,Treatment,2025-07-01
104028,control,2025-07-02
109128,control,2025-07-03
110895,treatment,2025-07-05
106387,control,2025-07-05
103689,control,2025-07-02
105466,control,2025-07-01
114176,treatment,2025-07-02
107869,control,2025-07-02
111200,treatment,2025-07-02
102935,control,2025-07-02
107719,control,2025-07-01
109846,treatment,2025-07-01
113399,treatment,2025-07-03
106263,treatment,2025-07-02
109182,control,2025-07-02
111099,control,2025-07-04
104152,control,2025-07-06
100124,Treatment,2025-07-07
100126,control,2025-07-05
105724,treatment,2025-07-05
101960,control,2025-07-04
105931,treatment,2025-07-01
112137,treatment,2025-07-05
111737,control,2025-07-02
108669,control,2025-07-04
105009,control,2025-07-06
101073,treatment,2025-07-01
106207,control,2025-07-01
101326,treatment,2025-07-02
113014,control,2025-07-02
101281,control,2025-07-01
104855,Control,2025-07-06
107216,control,2025-07-07
114590,treatment,2025-07-04
109769,treatment,2025-07-06
112733,treatment,2025-07-02
109317,control,2025-07-07
111549,treatment,2025-07-06
100813,control,2025-07-07
103760,treatment,2025-07-02
101642,Treatment,2025-07-03
107536,treatment,2025-07-03
104043,Control,2025-07-06
111528,treatment,2025-07-01
107479,treatment,2025-07-03
107403,control,2025-07-03
111300,treatment,2025-07-05
111216,control,2025-07-07
107041,treatment,2025-07-05
114114,control,2025-07-04
108103,control,2025-07-03
101446,Control,2025-07-04
107308,treatment,2025-07-06
108969,control,2025-07-03
108779,control,2025-07-07
107416,treatment,2025-07-01
107689,treatment,2025-07-06
101963,control,2025-07-01
109262,treatment,2025-07-01
104832,treatment,2025-07-01
106665,control,2025-07-06
100864,treatment,2025-07-05
104735,treatment,2025-07-06
102536,treatment,2025-07-05
100803,control,2025-07-01
106350,treatment,2025-07-05
104029,treatment,2025-07-06
103837,control,2025-07-01
106045,Treatment,2025-07-05
108991,treatment,2025-07-03
100299,control,2025-07-03
106988,control,2025-07-02
103270,treatment,2025-07-03
108772,treatment,2025-07-01
101254,treatment,2025-07-01
107727,treatment,2025-07-07
105842,control,2025-07-02
108437,Treatment,2025-07-05
112818,treatment,2025-07-06
105701,control,2025-07-07
106661,control,2025-07-02
105881,control,2025-07-06
105729,treatment,2025-07-01
112138,treatment,2025-07-04
104876,control,2025-07-05
108384,Control,2025-07-06
106875,control,2025-07-05
114609,treatment,2025-07-02
112066,control,2025-07-04
101714,control,2025-07-02
105864,treatment,2025-07-01
109120,treatment,2025-07-03
102072,treatment,2025-07-03
114246,control,2025-07-07
100035,control,2025-07-05
110307,control,2025-07-02
103942,treatment,2025-07-04
105726,treatment,2025-07-05
104961,control,2025-07-01
104260,control,2025-07-05
103561,treatment,2025-07-02
108183,treatment,2025-07-06
106293,control,2025-07-04
114307,treatment,2025-07-01
104055,treatment,2025-07-04
104736,control,2025-07-03
114141,Control,2025-07-07
104457,treatment,2025-07-06
100464,treatment,2025-07-04
100368,treatment,2025-07-04
113970,control,2025-07-04
110455,treatment,2025-07-05
110691,Treatment,2025-07-05
108162,Control,2025-07-02
113242,treatment,2025-07-04
109060,control,2025-07-06
102151,treatment,2025-07-07
103251,control,2025-07-01
112143,treatment,2025-07-03
102803,treatment,2025-07-01
106450,control,2025-07-04
110684,control,2025-07-06
114645,control,2025-07-04
102469,treatment,2025-07-01
108439,treatment,2025-07-03
104786,control,2025-07-02
102930,treatment,2025-07-06
101255,control,2025-07-04
111425,control,2025-07-06
113300,treatment,2025-07-02
103672,control,2025-07-03
109970,treatment,2025-07-05
105536,treatment,2025-07-04
114239,treatment,2025-07-06
104042,control,2025-07-05
103260,control,2025-07-06
105863,control,2025-07-07
100753,treatment,2025-07-07
101030,Treatment,2025-07-05
110876,Treatment,2025-07-04
106037,control,2025-07-05
106669,treatment,2025-07-05
100807,control,2025-07-06
100298,control,2025-07-04
106511,control,2025-07-06
104593,treatment,2025-07-05
103826,treatment,2025-07-04
111298,Treatment,2025-07-07
106595,treatment,2025-07-05
111308,control,2025-07-02
110670,control,2025-07-05
108558,control,2025-07-07
114095,control,2025-07-04
112839,treatment,2025-07-07
103197,treatment,2025-07-05
101120,control,2025-07-02
109355,treatment,2025-07-02
103621,control,2025-07-02
108489,treatment,2025-07-02
108116,control,2025-07-02
112402,treatment,2025-07-03
103163,treatment,2025-07-05
101027,treatment,2025-07-02
108672,Control,2025-07-07
107121,control,2025-07-06
111880,Treatment,2025-07-04
110342,treatment,2025-07-05
102411,treatment,2025-07-07
107522,control,2025-07-07
111146,treatment,2025-07-07
110068,control,2025-07-03
100063,treatment,2025-07-07
110156,treatment,2025-07-02
112403,treatment,2025-07-02
108121,treatment,2025-07-02
100509,treatment,2025-07-07
101619,control,2025-07-07
105170,control,2025-07-06
109352,control,2025-07-05
114600,treatment,2025-07-05
105723,control,2025-07-04
102021,treatment,2025-07-05
105414,treatment,2025-07-07
110615,control,2025-07-04
108552,Control,2025-07-07
110780,control,2025-07-05
108358,control,2025-07-02
107940,Treatment,2025-07-04
102437,treatment,2025-07-05
108166,treatment,2025-07-02
113748,treatment,2025-07-03
108479,control,2025-07-07
110415,treatment,2025-07-06
104764,treatment,2025-07-02
113246,treatment,2025-07-03
113537,control,2025-07-07
104542,treatment,2025-07-02
110991,control,2025-07-07
100510,Treatment,2025-07-03
104899,control,2025-07-05
114323,treatment,2025-07-05
113033,control,2025-07-06
112836,treatment,2025-07-07
114055,control,2025-07-01
103735,treatment,2025-07-05
100220,control,2025-07-07
106593,control,2025-07-04
109974,control,2025-07-02
101387,treatment,2025-07-05
106134,Control,2025-07-07
114542,treatment,2025-07-02
110637,treatment,2025-07-01
101025,control,2025-07-07
106231,control,2025-07-02
111387,treatment,2025-07-06
113473,treatment,2025-07-04
106820,treatment,2025-07-06
100332,Control,2025-07-07
100903,control,2025-07-06
108102,treatment,2025-07-01
107195,control,2025-07-02
109476,control,2025-07-03
100951,treatment,2025-07-06
102134,control,2025-07-04
104638,treatment,2025-07-04
105204,control,2025-07-06
102661,control,2025-07-07
111139,control,2025-07-06
114299,treatment,2025-07-02
107769,control,2025-07-05
113013,control,2025-07-06
103071,control,2025-07-02
109027,control,2025-07-01
110343,treatment,2025-07-01
108522,treatment,2025-07-03
107910,control,2025-07-03
109387,Treatment,2025-07-05
108634,treatment,2025-07-01
105720,treatment,2025-07-02
105742,treatment,2025-07-07
101533,Treatment,2025-07-02
107946,control,2025-07-03
109567,control,2025-07-03
101082,treatment,2025-07-02
100366,control,2025-07-05
105669,treatment,2025-07-05
109669,control,2025-07-07
114288,treatment,2025-07-07
106759,treatment,2025-07-04
111635,control,2025-07-06
110168,control,2025-07-01
106433,control,2025-07-02
106800,treatment,2025-07-03
107554,treatment,2025-07-02
104700,control,2025-07-05
102051,treatment,2025-07-04
107532,control,2025-07-03
108753,Treatment,2025-07-02
112082,treatment,2025-07-03
104215,treatment,2025-07-05
103564,control,2025-07-06
108145,treatment,2025-07-06
100132,treatment,2025-07-04
103897,treatment,2025-07-07
112759,Treatment,2025-07-03
109691,treatment,2025-07-04
103238,Treatment,2025-07-02
108923,control,2025-07-06
102304,control,2025-07-06
111255,treatment,2025-07-03
105135,treatment,2025-07-01
108308,control,2025-07-04
108802,treatment,2025-07-02
107846,control,2025-07-07
111636,control,2025-07-04
107661,control,2025-07-04
107030,treatment,2025-07-04
110222,treatment,2025-07-06
104639,treatment,2025-07-06
111042,control,2025-07-07
114178,treatment,2025-07-04
102576,control,2025-07-05
104575,control,2025-07-07
108406,treatment,2025-07-07
105165,Control,2025-07-02
101951,treatment,2025-07-03
101692,treatment,2025-07-02
107405,control,2025-07-02
109963,control,2025-07-01
110378,treatment,2025-07-05
113912,treatment,2025-07-05
100056,control,2025-07-06
109721,treatment,2025-07-03
103106,treatment,2025-07-01
104342,control,2025-07-07
100216,treatment,2025-07-05
110034,control,2025-07-04
105182,control,2025-07-07
104053,treatment,2025-07-03
107518,treatment,2025-07-07
110657,control,2025-07-03
104901,control,2025-07-04
100572,control,2025-07-06
111439,treatment,2025-07-04
111881,control,2025-07-01
114720,treatment,2025-07-06
113310,treatment,2025-07-04
100772,control,2025-07-03
103614,Treatment,2025-07-02
104479,treatment,2025-07-01
107388,treatment,2025-07-05
105341,treatment,2025-07-02
100781,treatment,2025-07-02
107638,treatment,2025-07-02
110097,control,2025-07-07
106727,control,2025-07-06
107332,control,2025-07-06
107545,treatment,2025-07-04
113256,control,2025-07-02
107071,control,2025-07-03
113828,treatment,2025-07-01
111984,treatment,2025-07-02
112120,control,2025-07-05
112512,control,2025-07-06
106791,control,2025-07-04
112798,control,2025-07-01
103408,control,2025-07-04
105482,treatment,2025-07-04
107149,control,2025-07-02
106907,control,2025-07-04
112560,control,2025-07-01
102141,treatment,2025-07-04
112861,treatment,2025-07-06
114126,treatment,2025-07-02
101065,treatment,2025-07-02
111113,control,2025-07-03
105315,treatment,2025-07-04
110786,control,2025-07-04
106253,treatment,2025-07-01
106191,control,2025-07-06
108059,treatment,2025-07-03
104248,control,2025-07-07
107572,Treatment,2025-07-01
105719,treatment,2025-07-03
110814,Treatment,2025-07-01
105416,treatment,2025-07-04
111044,control,2025-07-05
103948,treatment,2025-07-03
104344,treatment,2025-07-03
113323,treatment,2025-07-03
102651,treatment,2025-07-04
110300,control,2025-07-04
114572,treatment,2025-07-05
101701,treatment,2025-07-02
108193,control,2025-07-03
106109,control,2025-07-01
111350,control,2025-07-05
112812,treatment,2025-07-02
109107,control,2025-07-04
107176,treatment,2025-07-06
114024,treatment,2025-07-02
107517,control,2025-07-03
107033,control,2025-07-07
105169,control,2025-07-01
111692,treatment,2025-07-07
103332,control,2025-07-07
107317,treatment,2025-07-03
109808,control,2025-07-01
108567,control,2025-07-04
110705,control,2025-07-02
105884,control,2025-07-01
105209,control,2025-07-01
107745,control,2025-07-05
106634,Control,2025-07-05
101673,treatment,2025-07-02
107201,treatment,2025-07-07
108666,control,2025-07-02
107196,control,2025-07-03
108412,treatment,2025-07-05
111697,control,2025-07-03
103069,control,2025-07-03
104393,Control,2025-07-03
103831,treatment,2025-07-02
105602,control,2025-07-02
108380,control,2025-07-03
107422,treatment,2025-07-01
102908,Control,2025-07-01
110865,control,2025-07-07
101656,control,2025-07-01
106959,treatment,2025-07-04
101705,Control,2025-07-01
112191,treatment,2025-07-02
108747,treatment,2025-07-03
107922,Control,2025-07-03
101573,treatment,2025-07-05
105600,control,2025-07-04
111310,control,2025-07-05
104968,control,2025-07-01
103057,control,2025-07-06
106182,control,2025-07-01
100036,treatment,2025-07-06
105622,treatment,2025-07-03
113248,control,2025-07-01
101887,control,2025-07-02
113415,treatment,2025-07-05
103125,treatment,2025-07-01
100732,control,2025-07-01
105360,treatment,2025-07-07
112255,control,2025-07-07
112729,control,2025-07-01
100059,treatment,2025-07-06
101186,control,2025-07-06
110937,control,2025-07-04
114582,treatment,2025-07-03
112564,control,2025-07-01
111031,treatment,2025-07-05
105477,treatment,2025-07-04
107409,control,2025-07-05
102343,treatment,2025-07-05
100262,treatment,2025-07-05
110461,treatment,2025-07-04
106312,treatment,2025-07-03
112333,treatment,2025-07-06
106529,treatment,2025-07-03
113272,control,2025-07-03
101783,control,2025-07-07
110901,Control,2025-07-04
103272,treatment,2025-07-03
102059,treatment,2025-07-04
102199,control,2025-07-05
112167,treatment,2025-07-04
100170,control,2025-07-02
110601,Control,2025-07-03
111761,control,2025-07-07
100519,treatment,2025-07-04
107476,control,2025-07-07
109676,treatment,2025-07-01
104767,control,2025-07-07
108635,control,2025-07-07
100113,treatment,2025-07-07
105167,treatment,2025-07-01
111506,control,2025-07-05
104884,treatment,2025-07-03
103684,treatment,2025-07-03
104322,treatment,2025-07-04
108015,treatment,2025-07-07
109062,treatment,2025-07-02
109279,control,2025-07-03
112624,control,2025-07-06
100840,Control,2025-07-03
113178,treatment,2025-07-06
100144,treatment,2025-07-02
107278,treatment,2025-07-07
103381,control,2025-07-04
106729,treatment,2025-07-03
112781,treatment,2025-07-07
100878,treatment,2025-07-05
107193,treatment,2025-07-02
112533,control,2025-07-07
112977,treatment,2025-07-04
102787,treatment,2025-07-04
104685,control,2025-07-03
104834,treatment,2025-07-02
109073,control,2025-07-07
104504,control,2025-07-07
103639,treatment,2025-07-04
102273,treatment,2025-07-03
109702,control,2025-07-01
106829,control,2025-07-06
109935,control,2025-07-06
106114,Treatment,2025-07-02
108614,control,2025-07-07
114540,treatment,2025-07-04
114629,control,2025-07-07
107272,control,2025-07-06
101083,control,2025-07-03
110389,treatment,2025-07-06
103935,treatment,2025-07-07
109543,control,2025-07-07
103194,control,2025-07-02
101935,Treatment,2025-07-05
113991,treatment,2025-07-01
101113,treatment,2025-07-06
111758,treatment,2025-07-07
102923,control,2025-07-01
113770,treatment,2025-07-05
105901,Control,2025-07-07
111585,treatment,2025-07-02
108959,control,2025-07-07
103437,treatment,2025-07-03
103473,control,2025-07-07
107888,control,2025-07-06
107812,control,2025-07-02
104314,treatment,2025-07-04
103976,control,2025-07-01
114486,treatment,2025-07-06
103291,treatment,2025-07-05
101747,control,2025-07-04
113391,control,2025-07-03
108790,control,2025-07-07
100520,treatment,2025-07-07
113153,control,2025-07-02
114734,control,2025-07-06
112175,treatment,2025-07-06
105138,treatment,2025-07-05
102397,treatment,2025-07-03
101740,treatment,2025-07-02
113234,control,2025-07-01
113605,control,2025-07-03
102275,treatment,2025-07-01
103745,Control,2025-07-04
104354,Control,2025-07-02
109745,control,2025-07-06
105623,treatment,2025-07-02
